{
  "runs": [
    {
      "lcp": 240,
      "cls": 0.00017506013093171298,
      "dcl": 183.70000004768372,
      "load": 430.4000000357628
    },
    {
      "lcp": 216,
      "cls": 0.0006740221565152392,
      "dcl": 175.19999998807907,
      "load": 369.80000001192093
    },
    {
      "lcp": 224,
      "cls": 0.0006740221565152392,
      "dcl": 160.60000002384186,
      "load": 378.9000000357628
    }
  ],
  "summary": {
    "cls_p50": 0.0006740221565152392,
    "cls_p95": 0.0006740221565152392,
    "lcp_p50": 224,
    "lcp_p95": 240
  }
}