{
  "generatedAt": "2026-04-26T16:19:13.982Z",
  "results": [
    {
      "name": "local_home",
      "cold": {
        "dcl": 459.19999998807907,
        "load": 461.0999999642372,
        "transfer": 1904,
        "perf": {
          "lcp": 844,
          "cls": 0.0005514851008913645
        }
      },
      "warm": {
        "dcl": 11.5,
        "load": 12.100000023841858,
        "transfer": 1904,
        "perf": {
          "lcp": 124,
          "cls": 0
        }
      }
    },
    {
      "name": "public_home",
      "cold": {
        "dcl": 506.80000001192093,
        "load": 506.80000001192093,
        "transfer": 2031,
        "perf": {
          "lcp": 1508,
          "cls": 0.0012373848746342914
        }
      },
      "warm": {
        "dcl": 65.69999998807907,
        "load": 66.29999995231628,
        "transfer": 2031,
        "perf": {
          "lcp": 200,
          "cls": 0
        }
      }
    }
  ]
}